<xml xmlns="https://developers.google.com/blockly/xml"><block type="when_started" id="Q!^ZqS4/(a/0XL$cIi-~" deletable="false" x="278" y="97"><data>Main</data><next><block type="controls_whileUntil" id="1pD(W`HT`j2QIlG?-X{`"><field name="MODE">WHILE</field><data>Main</data><value name="BOOL"><shadow type="logic_boolean" id="5%!rSL8:XRC~k27d6@,O"><field name="BOOL">TRUE</field><data>Main</data></shadow></value><statement name="DO"><block type="move_tank" id="uu.F)@ZufJ}[;pB^fKj0"><field name="units">PERCENT</field><data>Main</data><value name="left"><shadow type="math_number" id="+-+iE#;Yx2+7Rq4;76{I"><field name="NUM">20</field><data>Main</data></shadow></value><value name="right"><shadow type="math_number" id="8)QWoDhg!4/]1e_[!Cp:"><field name="NUM">20</field><data>Main</data></shadow></value><next><block type="controls_whileUntil" id="uW*!ft`#8,SOzuk)|7*i"><field name="MODE">WHILE</field><data>Main</data><value name="BOOL"><shadow type="logic_boolean" id="l8odjq^IdZ83~|~9GvB@"><field name="BOOL">TRUE</field><data>Main</data></shadow></value><statement name="DO"><block type="controls_if" id="aSAqg?Plhbq4zD04h!-j"><data>Main</data><value name="IF0"><block type="logic_compare" id=",k[uwW)fgHAJoMnpRUmd"><field name="OP">LT</field><data>Main</data><value name="A"><block type="color_sensor" id="#~^WeH=IGLaRLeqhiIqq"><field name="type">INTENSITY</field><field name="port">AUTO</field><data>Main</data></block></value><value name="B"><block type="math_number" id="p:Zsqx;UE,9h1!VMkGs6"><field name="NUM">100</field><data>Main</data></block></value></block></value><statement name="DO0"><block type="stop" id="D|Szia|[i:LpHAT}lmEv"><field name="stop_action">BRAKE</field><data>Main</data></block></statement></block></statement></block></next></block></statement></block></next></block></xml>